accuracy,macro_precision,macro_recall,macro_f1,weighted_f1,model,seed,smoke,weights,n_test,training_seconds,epochs,parameters,model_size_mib,model_median_ms,model_p95_ms,end_to_end_median_ms,end_to_end_p95_ms,device,threads,calls,float_precision,batch_size
0.5687830687830688,0.5931125712289284,0.5748232434821033,0.5418224996415407,0.575757897204194,custom_cnn,123,False,imagenet,378,652.3183867000043,21,110534,0.47365665435791016,15.98685,18.0918,17.9471,20.309929999999998,CPU,1,500,float32,1
0.5952380952380952,0.6238366614687825,0.6018568202063562,0.5611432376331087,0.5971834532230131,custom_cnn,2026,False,imagenet,378,1039.780227100011,30,110534,0.4736604690551758,16.233800000000002,19.66463,18.26735,22.28732499999999,CPU,1,500,float32,1
0.5264550264550265,0.5468998706780814,0.5416100566509316,0.5031271763300664,0.5257645637867945,custom_cnn,42,False,imagenet,378,589.6394373999792,20,110534,0.47365283966064453,15.617899999999999,18.449275,17.5527,20.017615,CPU,1,500,float32,1
0.8597883597883598,0.8288726668411824,0.8445607039398467,0.8342017555220299,0.8623860887688292,efficientnetb0,123,False,imagenet,378,914.3171528000385,22,4057257,16.295997619628906,19.69465,23.25452,21.48965,25.769404999999995,CPU,1,500,float32,1
0.8809523809523809,0.8519887271131052,0.8693580243016831,0.8570442631695862,0.8834855036863005,efficientnetb0,2026,False,imagenet,378,880.2583505000221,20,4057257,16.296001434326172,19.56135,22.288029999999996,21.5255,24.437819999999995,CPU,1,500,float32,1
0.8809523809523809,0.8585481391036948,0.8819902994339582,0.8664359506768564,0.8824758255201745,efficientnetb0,42,False,imagenet,378,2221.508749099972,30,4057257,16.29599380493164,19.47805,22.351675,21.43305,24.458759999999998,CPU,1,500,float32,1
0.8518518518518519,0.8225113575094377,0.833114638058297,0.8248236964981145,0.8513701997931636,mobilenetv2,123,False,imagenet,378,1086.9129175000126,30,2265670,9.217565536499023,12.65165,14.997969999999997,14.50385,17.048524999999998,CPU,1,500,float32,1
0.8359788359788359,0.7981554093927014,0.8153830776676557,0.8040438480524282,0.8381174266331245,mobilenetv2,2026,False,imagenet,378,853.9543181000045,26,2265670,9.217569351196289,13.2456,15.688224999999997,15.09885,17.736185,CPU,1,500,float32,1
0.8518518518518519,0.8322672553170819,0.8296163319749268,0.8291709431357418,0.8515084302375597,mobilenetv2,42,False,imagenet,378,984.9953065000009,30,2265670,9.217561721801758,12.3947,15.412165,14.11385,17.375075,CPU,1,500,float32,1
0.8862433862433863,0.8683025972867263,0.8616280830100981,0.8628256182072985,0.8854400964347166,resnet50,123,False,imagenet,378,2184.2271276999963,21,23600006,90.66712665557861,94.37135,101.860075,96.58145,104.03781999999998,CPU,1,500,float32,1
0.8994708994708994,0.8822553527703225,0.8849140299317056,0.8825062947724388,0.8996765779636843,resnet50,2026,False,imagenet,378,11705.159885199973,24,23600006,90.66713047027588,93.7798,100.68415999999999,95.62010000000001,101.61548499999999,CPU,1,500,float32,1
0.8994708994708994,0.8852087736565194,0.8892888122008759,0.885893339346551,0.8989851069594251,resnet50,42,False,imagenet,378,2540.0261868999805,22,23600006,90.66712284088135,93.80335,99.85091,95.5289,102.772585,CPU,1,500,float32,1
