model,seed,category,precision,recall,f1-score,support
custom_cnn,123,cardboard,0.7894736842105263,0.75,0.7692307692307693,60.0
custom_cnn,123,glass,0.7419354838709677,0.3150684931506849,0.4423076923076923,73.0
custom_cnn,123,metal,0.5263157894736842,0.4838709677419355,0.5042016806722689,62.0
custom_cnn,123,paper,0.6283185840707964,0.7888888888888889,0.6995073891625616,90.0
custom_cnn,123,plastic,0.6808510638297872,0.4444444444444444,0.5378151260504201,72.0
custom_cnn,123,trash,0.1917808219178082,0.6666666666666666,0.2978723404255319,21.0
custom_cnn,2026,cardboard,0.8235294117647058,0.7,0.7567567567567568,60.0
custom_cnn,2026,glass,0.7391304347826086,0.2328767123287671,0.3541666666666667,73.0
custom_cnn,2026,metal,0.5538461538461539,0.5806451612903226,0.5669291338582677,62.0
custom_cnn,2026,paper,0.6814159292035398,0.8555555555555555,0.7586206896551724,90.0
custom_cnn,2026,plastic,0.7450980392156863,0.5277777777777778,0.6178861788617886,72.0
custom_cnn,2026,trash,0.2,0.7142857142857143,0.3125,21.0
custom_cnn,42,cardboard,0.7843137254901961,0.6666666666666666,0.7207207207207207,60.0
custom_cnn,42,glass,0.6,0.2465753424657534,0.34951456310679613,73.0
custom_cnn,42,metal,0.5531914893617021,0.41935483870967744,0.47706422018348627,62.0
custom_cnn,42,paper,0.5403225806451613,0.7444444444444445,0.6261682242990654,90.0
custom_cnn,42,plastic,0.5892857142857143,0.4583333333333333,0.515625,72.0
custom_cnn,42,trash,0.21428571428571427,0.7142857142857143,0.32967032967032966,21.0
efficientnetb0,123,cardboard,0.9310344827586207,0.9,0.9152542372881356,60.0
efficientnetb0,123,glass,0.8857142857142857,0.8493150684931506,0.8671328671328671,73.0
efficientnetb0,123,metal,0.7857142857142857,0.8870967741935484,0.8333333333333334,62.0
efficientnetb0,123,paper,0.9166666666666666,0.8555555555555555,0.8850574712643678,90.0
efficientnetb0,123,plastic,0.8985507246376812,0.8611111111111112,0.8794326241134752,72.0
efficientnetb0,123,trash,0.5555555555555556,0.7142857142857143,0.625,21.0
efficientnetb0,2026,cardboard,0.9333333333333333,0.9333333333333333,0.9333333333333333,60.0
efficientnetb0,2026,glass,0.9393939393939394,0.8493150684931506,0.8920863309352518,73.0
efficientnetb0,2026,metal,0.7837837837837838,0.9354838709677419,0.8529411764705882,62.0
efficientnetb0,2026,paper,0.9523809523809523,0.8888888888888888,0.9195402298850575,90.0
efficientnetb0,2026,plastic,0.9104477611940298,0.8472222222222222,0.8776978417266187,72.0
efficientnetb0,2026,trash,0.5925925925925926,0.7619047619047619,0.6666666666666666,21.0
efficientnetb0,42,cardboard,0.8888888888888888,0.9333333333333333,0.9105691056910569,60.0
efficientnetb0,42,glass,0.9538461538461539,0.8493150684931506,0.8985507246376812,73.0
efficientnetb0,42,metal,0.8055555555555556,0.9354838709677419,0.8656716417910447,62.0
efficientnetb0,42,paper,0.9506172839506173,0.8555555555555555,0.9005847953216374,90.0
efficientnetb0,42,plastic,0.8857142857142857,0.8611111111111112,0.8732394366197183,72.0
efficientnetb0,42,trash,0.6666666666666666,0.8571428571428571,0.75,21.0
mobilenetv2,123,cardboard,0.8769230769230769,0.95,0.912,60.0
mobilenetv2,123,glass,0.8266666666666667,0.8493150684931506,0.8378378378378378,73.0
mobilenetv2,123,metal,0.7945205479452054,0.9354838709677419,0.8592592592592593,62.0
mobilenetv2,123,paper,0.963855421686747,0.8888888888888888,0.9248554913294798,90.0
mobilenetv2,123,plastic,0.864406779661017,0.7083333333333334,0.7786259541984732,72.0
mobilenetv2,123,trash,0.6086956521739131,0.6666666666666666,0.6363636363636364,21.0
mobilenetv2,2026,cardboard,0.8656716417910447,0.9666666666666667,0.9133858267716536,60.0
mobilenetv2,2026,glass,0.8243243243243243,0.8356164383561644,0.8299319727891157,73.0
mobilenetv2,2026,metal,0.8571428571428571,0.8709677419354839,0.864,62.0
mobilenetv2,2026,paper,0.9487179487179487,0.8222222222222222,0.8809523809523809,90.0
mobilenetv2,2026,plastic,0.8115942028985508,0.7777777777777778,0.7943262411347518,72.0
mobilenetv2,2026,trash,0.48148148148148145,0.6190476190476191,0.5416666666666666,21.0
mobilenetv2,42,cardboard,0.9152542372881356,0.9,0.907563025210084,60.0
mobilenetv2,42,glass,0.7710843373493976,0.8767123287671232,0.8205128205128205,73.0
mobilenetv2,42,metal,0.8461538461538461,0.8870967741935484,0.8661417322834646,62.0
mobilenetv2,42,paper,0.9111111111111111,0.9111111111111111,0.9111111111111111,90.0
mobilenetv2,42,plastic,0.8833333333333333,0.7361111111111112,0.803030303030303,72.0
mobilenetv2,42,trash,0.6666666666666666,0.6666666666666666,0.6666666666666666,21.0
resnet50,123,cardboard,0.9180327868852459,0.9333333333333333,0.9256198347107438,60.0
resnet50,123,glass,0.8717948717948718,0.9315068493150684,0.9006622516556292,73.0
resnet50,123,metal,0.8169014084507042,0.9354838709677419,0.8721804511278195,62.0
resnet50,123,paper,0.9318181818181818,0.9111111111111111,0.9213483146067416,90.0
resnet50,123,plastic,0.9344262295081968,0.7916666666666666,0.8571428571428571,72.0
resnet50,123,trash,0.7368421052631579,0.6666666666666666,0.7,21.0
resnet50,2026,cardboard,0.9032258064516129,0.9333333333333333,0.9180327868852459,60.0
resnet50,2026,glass,0.9154929577464789,0.8904109589041096,0.9027777777777778,73.0
resnet50,2026,metal,0.8309859154929577,0.9516129032258065,0.8872180451127819,62.0
resnet50,2026,paper,0.9425287356321839,0.9111111111111111,0.9265536723163842,90.0
resnet50,2026,plastic,0.9393939393939394,0.8611111111111112,0.8985507246376812,72.0
resnet50,2026,trash,0.7619047619047619,0.7619047619047619,0.7619047619047619,21.0
resnet50,42,cardboard,0.890625,0.95,0.9193548387096774,60.0
resnet50,42,glass,0.8961038961038961,0.9452054794520548,0.92,73.0
resnet50,42,metal,0.8888888888888888,0.9032258064516129,0.896,62.0
resnet50,42,paper,0.9120879120879121,0.9222222222222223,0.9171270718232044,90.0
resnet50,42,plastic,0.9508196721311475,0.8055555555555556,0.8721804511278195,72.0
resnet50,42,trash,0.7727272727272727,0.8095238095238095,0.7906976744186046,21.0
