,,macro_f1,macro_f1,drop,drop
,,mean,std,mean,std
model,condition,,,,
custom_cnn,blur_1,0.5142715370157244,0.038340892899275156,0.021092767519180895,0.013326299701847441
custom_cnn,blur_2,0.4759143511440444,0.01873241277786889,0.059449953390860795,0.013140908921600065
custom_cnn,brightness_0.7,0.5036155136207138,0.02462181811940422,0.031748790914191534,0.03389901764839643
custom_cnn,brightness_1.3,0.44932151972949796,0.032176778902697066,0.08604278480540727,0.0035311581155977574
custom_cnn,noise_0.02,0.5352417595884383,0.01852025308225183,0.00012254494646690012,0.011022374261382572
custom_cnn,noise_0.05,0.525826095765884,0.017738058555851942,0.009538208769021233,0.031234186940350274
efficientnetb0,blur_1,0.8396447429566082,0.004938753112085734,0.012915913499549266,0.012257234949323872
efficientnetb0,blur_2,0.7687615648228493,0.013812870704559414,0.08379909163330816,0.003900447231120937
efficientnetb0,brightness_0.7,0.844870523113716,0.01145140548077082,0.0076901333424415005,0.005308358430640099
efficientnetb0,brightness_1.3,0.8413761386868187,0.0077939647235726805,0.011184517769338834,0.013207029724243664
efficientnetb0,noise_0.02,0.8160551066805981,0.015638675156554448,0.036505549775559434,0.020053236044881677
efficientnetb0,noise_0.05,0.7610095806696644,0.02357742061726943,0.091551075786493,0.00972701113066421
mobilenetv2,blur_1,0.7859904965593619,0.005896796231347537,0.03335566600273287,0.01585644352774874
mobilenetv2,blur_2,0.6896299850691502,0.005529666498996853,0.12971617749294465,0.017178749121201806
mobilenetv2,brightness_0.7,0.8101846932666249,0.009494971421057746,0.0091614692954699,0.0054676417298756405
mobilenetv2,brightness_1.3,0.8029624440548816,0.01619299475054152,0.016383718507213235,0.029620861475448235
mobilenetv2,noise_0.02,0.7569588301258626,0.000938748666493721,0.06238733243623227,0.014203262590129346
mobilenetv2,noise_0.05,0.6460127414618352,0.007275693176530138,0.1733334211002596,0.01988115293752033
resnet50,blur_1,0.8602849179751941,0.011444596959169724,0.016790166133568568,0.003230973916888103
resnet50,blur_2,0.8211499532443393,0.019264903737125555,0.05592513086442347,0.007154697231959461
resnet50,brightness_0.7,0.872148521479812,0.007130762472382853,0.004926562628950666,0.008093708169741826
resnet50,brightness_1.3,0.836122152719826,0.009913873444088854,0.0409529313889367,0.003042754787862455
resnet50,noise_0.02,0.8281111712717942,0.035055008707594454,0.04896391283696863,0.02261653297587089
resnet50,noise_0.05,0.7715615468683632,0.028835480006716367,0.10551353724039947,0.01641805276530806
