image_a,image_b,phash_distance
cardboard/cardboard361.jpg,cardboard/cardboard15.jpg,2
cardboard/cardboard72.jpg,cardboard/cardboard386.jpg,2
metal/metal50.jpg,metal/metal120.jpg,4
metal/metal6.jpg,metal/metal155.jpg,2
paper/paper108.jpg,paper/paper101.jpg,0
paper/paper284.jpg,paper/paper180.jpg,4
paper/paper308.jpg,paper/paper305.jpg,0
paper/paper349.jpg,paper/paper246.jpg,2
paper/paper390.jpg,paper/paper185.jpg,2
paper/paper392.jpg,paper/paper152.jpg,2
paper/paper40.jpg,paper/paper2.jpg,2
paper/paper451.jpg,paper/paper345.jpg,4
paper/paper466.jpg,paper/paper459.jpg,2
paper/paper496.jpg,paper/paper135.jpg,4
paper/paper53.jpg,paper/paper314.jpg,2
paper/paper534.jpg,paper/paper522.jpg,2
paper/paper547.jpg,paper/paper123.jpg,4
paper/paper549.jpg,paper/paper176.jpg,4
paper/paper553.jpg,paper/paper457.jpg,4
paper/paper56.jpg,paper/paper540.jpg,2
paper/paper74.jpg,paper/paper68.jpg,4
paper/paper89.jpg,paper/paper474.jpg,4
paper/paper99.jpg,paper/paper147.jpg,2
plastic/plastic10.jpg,metal/metal154.jpg,4
plastic/plastic11.jpg,metal/metal159.jpg,2
